<?xml version="1.0" encoding="UTF-8"?>
<!DOCTYPE jboss PUBLIC "-//JBoss//DTD JBOSS 6.0//EN" "http://www.jboss.org/j2ee/dtd/jboss_6_0.dtd">
<jboss>
  <enterprise-beans>
    <session>
      <ejb-name>ProductSessionBean</ejb-name>
      <jndi-name>ProductJNDI</jndi-name>
      <local-jndi-name>ProductLocalJNDI</local-jndi-name>
      <resource-ref>
        <res-ref-name>ds</res-ref-name>
        <jndi-name>java:/PROJECT</jndi-name>
      </resource-ref>
    </session>
    <session>
      <ejb-name>CustomerSessionBean</ejb-name>
      <jndi-name>CustomerJNDI</jndi-name>
      <local-jndi-name>CustomerLocalJNDI</local-jndi-name>
      <resource-ref>
        <res-ref-name>ds</res-ref-name>
        <jndi-name>java:/PROJECT</jndi-name>
      </resource-ref>
    </session>
    <session>
      <ejb-name>CartSessionBean</ejb-name>
      <jndi-name>CartJNDI</jndi-name>
      <local-jndi-name>CartLocalJNDI</local-jndi-name>
      <resource-ref>
        <res-ref-name>ds</res-ref-name>
        <jndi-name>java:/PROJECT</jndi-name>
      </resource-ref>
    </session>
  </enterprise-beans>
</jboss>
