<?xml version="1.0" encoding="UTF-8"?>
<project-private xmlns="http://www.netbeans.org/ns/project-private/1">
    <editor-bookmarks xmlns="http://www.netbeans.org/ns/editor-bookmarks/2" lastBookmarkId="0"/>
    <open-files xmlns="http://www.netbeans.org/ns/projectui-open-files/2">
        <group>
            <file>file:/F:/Code/AJ/Lab05_ToanDCSE61278/web/view.jsp</file>
            <file>file:/F:/Code/AJ/Lab05_ToanDCSE61278/src/java/sample/servlet/LoginServlet.java</file>
            <file>file:/F:/Code/AJ/Lab05_ToanDCSE61278/src/java/sample/servlet/SearchServlet.java</file>
            <file>file:/F:/Code/AJ/Lab05_ToanDCSE61278/web/viewDetails.jsp</file>
            <file>file:/F:/Code/AJ/Lab05_ToanDCSE61278/src/java/sample/servlet/CenterServlet.java</file>
        </group>
    </open-files>
</project-private>
